,Survived,Pclass,Age,cat_male,cat_Q,cat_S,cat_Miss,cat_Mr,cat_Mrs,cat_Other,cat_big,cat_small
0,0,-1,22.0,1,0,1,0,1,0,0,0,1
1,1,1,38.0,0,0,0,0,0,1,0,0,1
2,1,-1,26.0,0,0,1,1,0,0,0,0,0
3,1,1,35.0,0,0,1,0,0,1,0,0,1
4,0,-1,35.0,1,0,1,0,1,0,0,0,0
5,0,-1,26.0,1,1,0,0,1,0,0,0,0
6,0,1,54.0,1,0,1,0,1,0,0,0,0
7,0,-1,2.0,1,0,1,0,0,0,0,1,0
8,1,-1,27.0,0,0,1,0,0,1,0,0,1
9,1,0,14.0,0,0,0,0,0,1,0,0,1
10,1,-1,4.0,0,0,1,1,0,0,0,0,1
11,1,1,58.0,0,0,1,1,0,0,0,0,0
12,0,-1,20.0,1,0,1,0,1,0,0,0,0
13,0,-1,39.0,1,0,1,0,1,0,0,1,0
14,0,-1,14.0,0,0,1,1,0,0,0,0,0
15,1,0,55.0,0,0,1,0,0,1,0,0,0
16,0,-1,2.0,1,1,0,0,0,0,0,1,0
17,1,0,31.0,1,0,1,0,1,0,0,0,0
18,0,-1,31.0,0,0,1,0,0,1,0,0,1
19,1,-1,31.0,0,0,0,0,0,1,0,0,0
20,0,0,35.0,1,0,1,0,1,0,0,0,0
21,1,0,34.0,1,0,1,0,1,0,0,0,0
22,1,-1,15.0,0,1,0,1,0,0,0,0,0
23,1,1,28.0,1,0,1,0,1,0,0,0,0
24,0,-1,8.0,0,0,1,1,0,0,0,1,0
25,1,-1,38.0,0,0,1,0,0,1,0,1,0
26,0,-1,26.0,1,0,0,0,1,0,0,0,0
27,0,1,19.0,1,0,1,0,1,0,0,1,0
28,1,-1,18.0,0,1,0,1,0,0,0,0,0
29,0,-1,26.0,1,0,1,0,1,0,0,0,0
30,0,1,40.0,1,0,0,0,0,0,1,0,0
31,1,1,40.0,0,0,0,0,0,1,0,0,1
32,1,-1,18.0,0,1,0,1,0,0,0,0,0
33,0,0,66.0,1,0,1,0,1,0,0,0,0
34,0,1,28.0,1,0,0,0,1,0,0,0,1
35,0,1,42.0,1,0,1,0,1,0,0,0,1
36,1,-1,26.0,1,0,0,0,1,0,0,0,0
37,0,-1,21.0,1,0,1,0,1,0,0,0,0
38,0,-1,18.0,0,0,1,1,0,0,0,0,1
39,1,-1,14.0,0,0,0,1,0,0,0,0,1
40,0,-1,40.0,0,0,1,0,0,1,0,0,1
41,0,0,27.0,0,0,1,0,0,1,0,0,1
42,0,-1,26.0,1,0,0,0,1,0,0,0,0
43,1,0,3.0,0,0,0,1,0,0,0,0,1
44,1,-1,19.0,0,1,0,1,0,0,0,0,0
45,0,-1,26.0,1,0,1,0,1,0,0,0,0
46,0,-1,26.0,1,1,0,0,1,0,0,0,1
47,1,-1,18.0,0,1,0,1,0,0,0,0,0
48,0,-1,26.0,1,0,0,0,1,0,0,0,1
49,0,-1,18.0,0,0,1,0,0,1,0,0,1
50,0,-1,7.0,1,0,1,0,0,0,0,1,0
51,0,-1,21.0,1,0,1,0,1,0,0,0,0
52,1,1,49.0,0,0,0,0,0,1,0,0,1
53,1,0,29.0,0,0,1,0,0,1,0,0,1
54,0,1,65.0,1,0,0,0,1,0,0,0,1
55,1,1,40.0,1,0,1,0,1,0,0,0,0
56,1,0,21.0,0,0,1,1,0,0,0,0,0
57,0,-1,28.5,1,0,0,0,1,0,0,0,0
58,1,0,5.0,0,0,1,1,0,0,0,0,1
59,0,-1,11.0,1,0,1,0,0,0,0,1,0
60,0,-1,22.0,1,0,0,0,1,0,0,0,0
61,1,1,38.0,0,0,0,1,0,0,0,0,0
62,0,1,45.0,1,0,1,0,1,0,0,0,1
63,0,-1,4.0,1,0,1,0,0,0,0,1,0
64,0,1,40.0,1,0,0,0,1,0,0,0,0
65,1,-1,4.0,1,0,0,0,0,0,0,0,1
66,1,0,29.0,0,0,1,0,0,1,0,0,0
67,0,-1,19.0,1,0,1,0,1,0,0,0,0
68,1,-1,17.0,0,0,1,1,0,0,0,1,0
69,0,-1,26.0,1,0,1,0,1,0,0,0,1
70,0,0,32.0,1,0,1,0,1,0,0,0,0
71,0,-1,16.0,0,0,1,1,0,0,0,1,0
72,0,0,21.0,1,0,1,0,1,0,0,0,0
73,0,-1,26.0,1,0,0,0,1,0,0,0,1
74,1,-1,32.0,1,0,1,0,1,0,0,0,0
75,0,-1,25.0,1,0,1,0,1,0,0,0,0
76,0,-1,26.0,1,0,1,0,1,0,0,0,0
77,0,-1,26.0,1,0,1,0,1,0,0,0,0
78,1,0,0.83,1,0,1,0,0,0,0,0,1
79,1,-1,30.0,0,0,1,1,0,0,0,0,0
80,0,-1,22.0,1,0,1,0,1,0,0,0,0
81,1,-1,29.0,1,0,1,0,1,0,0,0,0
82,1,-1,18.0,0,1,0,1,0,0,0,0,0
83,0,1,28.0,1,0,1,0,1,0,0,0,0
84,1,0,17.0,0,0,1,1,0,0,0,0,0
85,1,-1,33.0,0,0,1,0,0,1,0,0,1
86,0,-1,16.0,1,0,1,0,1,0,0,1,0
87,0,-1,26.0,1,0,1,0,1,0,0,0,0
88,1,1,23.0,0,0,1,1,0,0,0,1,0
89,0,-1,24.0,1,0,1,0,1,0,0,0,0
90,0,-1,29.0,1,0,1,0,1,0,0,0,0
91,0,-1,20.0,1,0,1,0,1,0,0,0,0
92,0,1,46.0,1,0,1,0,1,0,0,0,1
93,0,-1,26.0,1,0,1,0,1,0,0,0,1
94,0,-1,59.0,1,0,1,0,1,0,0,0,0
95,0,-1,26.0,1,0,1,0,1,0,0,0,0
96,0,1,71.0,1,0,0,0,1,0,0,0,0
97,1,1,23.0,1,0,0,0,1,0,0,0,1
98,1,0,34.0,0,0,1,0,0,1,0,0,1
99,0,0,34.0,1,0,1,0,1,0,0,0,1
100,0,-1,28.0,0,0,1,1,0,0,0,0,0
101,0,-1,26.0,1,0,1,0,1,0,0,0,0
102,0,1,21.0,1,0,1,0,1,0,0,0,1
103,0,-1,33.0,1,0,1,0,1,0,0,0,0
104,0,-1,37.0,1,0,1,0,1,0,0,0,1
105,0,-1,28.0,1,0,1,0,1,0,0,0,0
106,1,-1,21.0,0,0,1,1,0,0,0,0,0
107,1,-1,26.0,1,0,1,0,1,0,0,0,0
108,0,-1,38.0,1,0,1,0,1,0,0,0,0
109,1,-1,18.0,0,1,0,1,0,0,0,0,1
110,0,1,47.0,1,0,1,0,1,0,0,0,0
111,0,-1,14.5,0,0,0,1,0,0,0,0,1
112,0,-1,22.0,1,0,1,0,1,0,0,0,0
113,0,-1,20.0,0,0,1,1,0,0,0,0,1
114,0,-1,17.0,0,0,0,1,0,0,0,0,0
115,0,-1,21.0,1,0,1,0,1,0,0,0,0
116,0,-1,70.5,1,1,0,0,1,0,0,0,0
117,0,0,29.0,1,0,1,0,1,0,0,0,1
118,0,1,24.0,1,0,0,0,1,0,0,0,1
119,0,-1,2.0,0,0,1,1,0,0,0,1,0
120,0,0,21.0,1,0,1,0,1,0,0,0,1
121,0,-1,26.0,1,0,1,0,1,0,0,0,0
122,0,0,32.5,1,0,0,0,1,0,0,0,1
123,1,0,32.5,0,0,1,1,0,0,0,0,0
124,0,1,54.0,1,0,1,0,1,0,0,0,1
125,1,-1,12.0,1,0,0,0,0,0,0,0,1
126,0,-1,26.0,1,1,0,0,1,0,0,0,0
127,1,-1,24.0,1,0,1,0,1,0,0,0,0
128,1,-1,18.0,0,0,0,1,0,0,0,0,1
129,0,-1,45.0,1,0,1,0,1,0,0,0,0
130,0,-1,33.0,1,0,0,0,1,0,0,0,0
131,0,-1,20.0,1,0,1,0,1,0,0,0,0
132,0,-1,47.0,0,0,1,0,0,1,0,0,1
133,1,0,29.0,0,0,1,0,0,1,0,0,1
134,0,0,25.0,1,0,1,0,1,0,0,0,0
135,0,0,23.0,1,0,0,0,1,0,0,0,0
136,1,1,19.0,0,0,1,1,0,0,0,0,1
137,0,1,37.0,1,0,1,0,1,0,0,0,1
138,0,-1,16.0,1,0,1,0,1,0,0,0,0
139,0,1,24.0,1,0,0,0,1,0,0,0,0
140,0,-1,31.0,0,0,0,0,0,1,0,0,1
141,1,-1,22.0,0,0,1,1,0,0,0,0,0
142,1,-1,24.0,0,0,1,0,0,1,0,0,1
143,0,-1,19.0,1,1,0,0,1,0,0,0,0
144,0,0,18.0,1,0,1,0,1,0,0,0,0
145,0,0,19.0,1,0,1,0,1,0,0,0,1
146,1,-1,27.0,1,0,1,0,1,0,0,0,0
147,0,-1,9.0,0,0,1,1,0,0,0,1,0
148,0,0,36.5,1,0,1,0,1,0,0,0,1
149,0,0,42.0,1,0,1,0,0,0,1,0,0
150,0,0,51.0,1,0,1,0,0,0,1,0,0
151,1,1,22.0,0,0,1,0,0,1,0,0,1
152,0,-1,55.5,1,0,1,0,1,0,0,0,0
153,0,-1,40.5,1,0,1,0,1,0,0,0,1
154,0,-1,26.0,1,0,1,0,1,0,0,0,0
155,0,1,51.0,1,0,0,0,1,0,0,0,1
156,1,-1,16.0,0,1,0,1,0,0,0,0,0
157,0,-1,30.0,1,0,1,0,1,0,0,0,0
158,0,-1,26.0,1,0,1,0,1,0,0,0,0
159,0,-1,4.0,1,0,1,0,0,0,0,1,0
160,0,-1,44.0,1,0,1,0,1,0,0,0,1
161,1,0,40.0,0,0,1,0,0,1,0,0,0
162,0,-1,26.0,1,0,1,0,1,0,0,0,0
163,0,-1,17.0,1,0,1,0,1,0,0,0,0
164,0,-1,1.0,1,0,1,0,0,0,0,1,0
165,1,-1,9.0,1,0,1,0,0,0,0,0,1
166,1,1,40.0,0,0,1,0,0,1,0,0,1
167,0,-1,45.0,0,0,1,0,0,1,0,1,0
168,0,1,40.0,1,0,1,0,1,0,0,0,0
169,0,-1,28.0,1,0,1,0,1,0,0,0,0
170,0,1,61.0,1,0,1,0,1,0,0,0,0
171,0,-1,4.0,1,1,0,0,0,0,0,1,0
172,1,-1,1.0,0,0,1,1,0,0,0,0,1
173,0,-1,21.0,1,0,1,0,1,0,0,0,0
174,0,1,56.0,1,0,0,0,1,0,0,0,0
175,0,-1,18.0,1,0,1,0,1,0,0,0,1
176,0,-1,4.0,1,0,1,0,0,0,0,1,0
177,0,1,50.0,0,0,0,1,0,0,0,0,0
178,0,0,30.0,1,0,1,0,1,0,0,0,0
179,0,-1,36.0,1,0,1,0,1,0,0,0,0
180,0,-1,18.0,0,0,1,1,0,0,0,1,0
181,0,0,31.0,1,0,0,0,1,0,0,0,0
182,0,-1,9.0,1,0,1,0,0,0,0,1,0
183,1,0,1.0,1,0,1,0,0,0,0,0,1
184,1,-1,4.0,0,0,1,1,0,0,0,0,1
185,0,1,40.0,1,0,1,0,1,0,0,0,0
186,1,-1,31.0,0,1,0,0,0,1,0,0,1
187,1,1,45.0,1,0,1,0,1,0,0,0,0
188,0,-1,40.0,1,1,0,0,1,0,0,0,1
189,0,-1,36.0,1,0,1,0,1,0,0,0,0
190,1,0,32.0,0,0,1,0,0,1,0,0,0
191,0,0,19.0,1,0,1,0,1,0,0,0,0
192,1,-1,19.0,0,0,1,1,0,0,0,0,1
193,1,0,3.0,1,0,1,0,0,0,0,0,1
194,1,1,44.0,0,0,0,0,0,1,0,0,0
195,1,1,58.0,0,0,0,1,0,0,0,0,0
196,0,-1,26.0,1,1,0,0,1,0,0,0,0
197,0,-1,42.0,1,0,1,0,1,0,0,0,1
198,1,-1,18.0,0,1,0,1,0,0,0,0,0
199,0,0,24.0,0,0,1,1,0,0,0,0,0
200,0,-1,28.0,1,0,1,0,1,0,0,0,0
201,0,-1,26.0,1,0,1,0,1,0,0,1,0
202,0,-1,34.0,1,0,1,0,1,0,0,0,0
203,0,-1,45.5,1,0,0,0,1,0,0,0,0
204,1,-1,18.0,1,0,1,0,1,0,0,0,0
205,0,-1,2.0,0,0,1,1,0,0,0,0,1
206,0,-1,32.0,1,0,1,0,1,0,0,0,1
207,1,-1,26.0,1,0,0,0,1,0,0,0,0
208,1,-1,16.0,0,1,0,1,0,0,0,0,0
209,1,1,40.0,1,0,0,0,1,0,0,0,0
210,0,-1,24.0,1,0,1,0,1,0,0,0,0
211,1,0,35.0,0,0,1,1,0,0,0,0,0
212,0,-1,22.0,1,0,1,0,1,0,0,0,0
213,0,0,30.0,1,0,1,0,1,0,0,0,0
214,0,-1,26.0,1,1,0,0,1,0,0,0,1
215,1,1,31.0,0,0,0,1,0,0,0,0,1
216,1,-1,27.0,0,0,1,1,0,0,0,0,0
217,0,0,42.0,1,0,1,0,1,0,0,0,1
218,1,1,32.0,0,0,0,1,0,0,0,0,0
219,0,0,30.0,1,0,1,0,1,0,0,0,0
220,1,-1,16.0,1,0,1,0,1,0,0,0,0
221,0,0,27.0,1,0,1,0,1,0,0,0,0
222,0,-1,51.0,1,0,1,0,1,0,0,0,0
223,0,-1,26.0,1,0,1,0,1,0,0,0,0
224,1,1,38.0,1,0,1,0,1,0,0,0,1
225,0,-1,22.0,1,0,1,0,1,0,0,0,0
226,1,0,19.0,1,0,1,0,1,0,0,0,0
227,0,-1,20.5,1,0,1,0,1,0,0,0,0
228,0,0,18.0,1,0,1,0,1,0,0,0,0
229,0,-1,18.0,0,0,1,1,0,0,0,1,0
230,1,1,35.0,0,0,1,0,0,1,0,0,1
231,0,-1,29.0,1,0,1,0,1,0,0,0,0
232,0,0,59.0,1,0,1,0,1,0,0,0,0
233,1,-1,5.0,0,0,1,1,0,0,0,1,0
234,0,0,24.0,1,0,1,0,1,0,0,0,0
235,0,-1,18.0,0,0,1,1,0,0,0,0,0
236,0,0,44.0,1,0,1,0,1,0,0,0,1
237,1,0,8.0,0,0,1,1,0,0,0,0,1
238,0,0,19.0,1,0,1,0,1,0,0,0,0
239,0,0,33.0,1,0,1,0,1,0,0,0,0
240,0,-1,18.0,0,0,0,1,0,0,0,0,1
241,1,-1,18.0,0,1,0,1,0,0,0,0,1
242,0,0,29.0,1,0,1,0,1,0,0,0,0
243,0,-1,22.0,1,0,1,0,1,0,0,0,0
244,0,-1,30.0,1,0,0,0,1,0,0,0,0
245,0,1,44.0,1,1,0,0,0,0,1,0,1
246,0,-1,25.0,0,0,1,1,0,0,0,0,0
247,1,0,24.0,0,0,1,0,0,1,0,0,1
248,1,1,37.0,1,0,1,0,1,0,0,0,1
249,0,0,54.0,1,0,1,0,0,0,1,0,1
250,0,-1,26.0,1,0,1,0,1,0,0,0,0
251,0,-1,29.0,0,0,1,0,0,1,0,0,1
252,0,1,62.0,1,0,1,0,1,0,0,0,0
253,0,-1,30.0,1,0,1,0,1,0,0,0,1
254,0,-1,41.0,0,0,1,0,0,1,0,0,1
255,1,-1,29.0,0,0,0,0,0,1,0,0,1
256,1,1,40.0,0,0,0,0,0,1,0,0,0
257,1,1,30.0,0,0,1,1,0,0,0,0,0
258,1,1,35.0,0,0,0,1,0,0,0,0,0
259,1,0,50.0,0,0,1,0,0,1,0,0,1
260,0,-1,26.0,1,1,0,0,1,0,0,0,0
261,1,-1,3.0,1,0,1,0,0,0,0,1,0
262,0,1,52.0,1,0,1,0,1,0,0,0,1
263,0,1,40.0,1,0,1,0,1,0,0,0,0
264,0,-1,18.0,0,1,0,1,0,0,0,0,0
265,0,0,36.0,1,0,1,0,1,0,0,0,0
266,0,-1,16.0,1,0,1,0,1,0,0,1,0
267,1,-1,25.0,1,0,1,0,1,0,0,0,1
268,1,1,58.0,0,0,1,0,0,1,0,0,1
269,1,1,35.0,0,0,1,1,0,0,0,0,0
270,0,1,40.0,1,0,1,0,1,0,0,0,0
271,1,-1,25.0,1,0,1,0,1,0,0,0,0
272,1,0,41.0,0,0,1,0,0,1,0,0,1
273,0,1,37.0,1,0,0,0,1,0,0,0,1
274,1,-1,18.0,0,1,0,1,0,0,0,0,0
275,1,1,63.0,0,0,1,1,0,0,0,0,1
276,0,-1,45.0,0,0,1,1,0,0,0,0,0
277,0,0,31.0,1,0,1,0,1,0,0,0,0
278,0,-1,7.0,1,1,0,0,0,0,0,1,0
279,1,-1,35.0,0,0,1,0,0,1,0,0,1
280,0,-1,65.0,1,1,0,0,1,0,0,0,0
281,0,-1,28.0,1,0,1,0,1,0,0,0,0
282,0,-1,16.0,1,0,1,0,1,0,0,0,0
283,1,-1,19.0,1,0,1,0,1,0,0,0,0
284,0,1,40.0,1,0,1,0,1,0,0,0,0
285,0,-1,33.0,1,0,0,0,1,0,0,0,0
286,1,-1,30.0,1,0,1,0,1,0,0,0,0
287,0,-1,22.0,1,0,1,0,1,0,0,0,0
288,1,0,42.0,1,0,1,0,1,0,0,0,0
289,1,-1,22.0,0,1,0,1,0,0,0,0,0
290,1,1,26.0,0,0,1,1,0,0,0,0,0
291,1,1,19.0,0,0,0,0,0,1,0,0,1
292,0,0,36.0,1,0,0,0,1,0,0,0,0
293,0,-1,24.0,0,0,1,1,0,0,0,0,0
294,0,-1,24.0,1,0,1,0,1,0,0,0,0
295,0,1,40.0,1,0,0,0,1,0,0,0,0
296,0,-1,23.5,1,0,0,0,1,0,0,0,0
297,0,1,2.0,0,0,1,1,0,0,0,0,1
298,1,1,40.0,1,0,1,0,1,0,0,0,0
299,1,1,50.0,0,0,0,0,0,1,0,0,1
300,1,-1,18.0,0,1,0,1,0,0,0,0,0
301,1,-1,26.0,1,1,0,0,1,0,0,0,1
302,0,-1,19.0,1,0,1,0,1,0,0,0,0
303,1,0,24.0,0,1,0,1,0,0,0,0,0
304,0,-1,26.0,1,0,1,0,1,0,0,0,0
305,1,1,0.92,1,0,1,0,0,0,0,0,1
306,1,1,30.0,0,0,0,1,0,0,0,0,0
307,1,1,17.0,0,0,0,0,0,1,0,0,1
308,0,0,30.0,1,0,0,0,1,0,0,0,1
309,1,1,30.0,0,0,0,1,0,0,0,0,0
310,1,1,24.0,0,0,0,1,0,0,0,0,0
311,1,1,18.0,0,0,0,1,0,0,0,1,0
312,0,0,26.0,0,0,1,0,0,1,0,0,1
313,0,-1,28.0,1,0,1,0,1,0,0,0,0
314,0,0,43.0,1,0,1,0,1,0,0,0,1
315,1,-1,26.0,0,0,1,1,0,0,0,0,0
316,1,0,24.0,0,0,1,0,0,1,0,0,1
317,0,0,54.0,1,0,1,0,0,0,1,0,0
318,1,1,31.0,0,0,1,1,0,0,0,0,1
319,1,1,40.0,0,0,0,0,0,1,0,0,1
320,0,-1,22.0,1,0,1,0,1,0,0,0,0
321,0,-1,27.0,1,0,1,0,1,0,0,0,0
322,1,0,30.0,0,1,0,1,0,0,0,0,0
323,1,0,22.0,0,0,1,0,0,1,0,0,1
324,0,-1,26.0,1,0,1,0,1,0,0,1,0
325,1,1,36.0,0,0,0,1,0,0,0,0,0
326,0,-1,61.0,1,0,1,0,1,0,0,0,0
327,1,0,36.0,0,0,1,0,0,1,0,0,0
328,1,-1,31.0,0,0,1,0,0,1,0,0,1
329,1,1,16.0,0,0,0,1,0,0,0,0,1
330,1,-1,18.0,0,1,0,1,0,0,0,0,1
331,0,1,45.5,1,0,1,0,1,0,0,0,0
332,0,1,38.0,1,0,1,0,1,0,0,0,1
333,0,-1,16.0,1,0,1,0,1,0,0,0,1
334,1,1,40.0,0,0,1,0,0,1,0,0,1
335,0,-1,26.0,1,0,1,0,1,0,0,0,0
336,0,1,29.0,1,0,1,0,1,0,0,0,1
337,1,1,41.0,0,0,0,1,0,0,0,0,0
338,1,-1,45.0,1,0,1,0,1,0,0,0,0
339,0,1,45.0,1,0,1,0,1,0,0,0,0
340,1,0,2.0,1,0,1,0,0,0,0,0,1
341,1,1,24.0,0,0,1,1,0,0,0,1,0
342,0,0,28.0,1,0,1,0,1,0,0,0,0
343,0,0,25.0,1,0,1,0,1,0,0,0,0
344,0,0,36.0,1,0,1,0,1,0,0,0,0
345,1,0,24.0,0,0,1,1,0,0,0,0,0
346,1,0,40.0,0,0,1,1,0,0,0,0,0
347,1,-1,31.0,0,0,1,0,0,1,0,0,1
348,1,-1,3.0,1,0,1,0,0,0,0,0,1
349,0,-1,42.0,1,0,1,0,1,0,0,0,0
350,0,-1,23.0,1,0,1,0,1,0,0,0,0
351,0,1,40.0,1,0,1,0,1,0,0,0,0
352,0,-1,15.0,1,0,0,0,1,0,0,0,1
353,0,-1,25.0,1,0,1,0,1,0,0,0,1
354,0,-1,26.0,1,0,0,0,1,0,0,0,0
355,0,-1,28.0,1,0,1,0,1,0,0,0,0
356,1,1,22.0,0,0,1,1,0,0,0,0,1
357,0,0,38.0,0,0,1,1,0,0,0,0,0
358,1,-1,18.0,0,1,0,1,0,0,0,0,0
359,1,-1,18.0,0,1,0,1,0,0,0,0,0
360,0,-1,40.0,1,0,1,0,1,0,0,1,0
361,0,0,29.0,1,0,0,0,1,0,0,0,1
362,0,-1,45.0,0,0,0,0,0,1,0,0,1
363,0,-1,35.0,1,0,1,0,1,0,0,0,0
364,0,-1,26.0,1,1,0,0,1,0,0,0,1
365,0,-1,30.0,1,0,1,0,1,0,0,0,0
366,1,1,60.0,0,0,0,0,0,1,0,0,1
367,1,-1,31.0,0,0,0,0,0,1,0,0,0
368,1,-1,18.0,0,1,0,1,0,0,0,0,0
369,1,1,24.0,0,0,0,0,0,1,0,0,0
370,1,1,25.0,1,0,0,0,1,0,0,0,1
371,0,-1,18.0,1,0,1,0,1,0,0,0,1
372,0,-1,19.0,1,0,1,0,1,0,0,0,0
373,0,1,22.0,1,0,0,0,1,0,0,0,0
374,0,-1,3.0,0,0,1,1,0,0,0,1,0
375,1,1,40.0,0,0,0,0,0,1,0,0,1
376,1,-1,22.0,0,0,1,1,0,0,0,0,0
377,0,1,27.0,1,0,0,0,1,0,0,0,1
378,0,-1,20.0,1,0,0,0,1,0,0,0,0
379,0,-1,19.0,1,0,1,0,1,0,0,0,0
380,1,1,42.0,0,0,0,1,0,0,0,0,0
381,1,-1,1.0,0,0,0,1,0,0,0,0,1
382,0,-1,32.0,1,0,1,0,1,0,0,0,0
383,1,1,35.0,0,0,1,0,0,1,0,0,1
384,0,-1,26.0,1,0,1,0,1,0,0,0,0
385,0,0,18.0,1,0,1,0,1,0,0,0,0
386,0,-1,1.0,1,0,1,0,0,0,0,1,0
387,1,0,36.0,0,0,1,1,0,0,0,0,0
388,0,-1,26.0,1,1,0,0,1,0,0,0,0
389,1,0,17.0,0,0,0,1,0,0,0,0,0
390,1,1,36.0,1,0,1,0,1,0,0,0,1
391,1,-1,21.0,1,0,1,0,1,0,0,0,0
392,0,-1,28.0,1,0,1,0,1,0,0,0,1
393,1,1,23.0,0,0,0,1,0,0,0,0,1
394,1,-1,24.0,0,0,1,0,0,1,0,0,1
395,0,-1,22.0,1,0,1,0,1,0,0,0,0
396,0,-1,31.0,0,0,1,1,0,0,0,0,0
397,0,0,46.0,1,0,1,0,1,0,0,0,0
398,0,0,23.0,1,0,1,0,0,0,1,0,0
399,1,0,28.0,0,0,1,0,0,1,0,0,0
400,1,-1,39.0,1,0,1,0,1,0,0,0,0
401,0,-1,26.0,1,0,1,0,1,0,0,0,0
402,0,-1,21.0,0,0,1,1,0,0,0,0,1
403,0,-1,28.0,1,0,1,0,1,0,0,0,1
404,0,-1,20.0,0,0,1,1,0,0,0,0,0
405,0,0,34.0,1,0,1,0,1,0,0,0,1
406,0,-1,51.0,1,0,1,0,1,0,0,0,0
407,1,0,3.0,1,0,1,0,0,0,0,0,1
408,0,-1,21.0,1,0,1,0,1,0,0,0,0
409,0,-1,18.0,0,0,1,1,0,0,0,1,0
410,0,-1,26.0,1,0,1,0,1,0,0,0,0
411,0,-1,26.0,1,1,0,0,1,0,0,0,0
412,1,1,33.0,0,1,0,1,0,0,0,0,1
413,0,0,31.0,1,0,1,0,1,0,0,0,0
414,1,-1,44.0,1,0,1,0,1,0,0,0,0
415,0,-1,31.0,0,0,1,0,0,1,0,0,0
416,1,0,34.0,0,0,1,0,0,1,0,0,1
417,1,0,18.0,0,0,1,1,0,0,0,0,1
418,0,0,30.0,1,0,1,0,1,0,0,0,0
419,0,-1,10.0,0,0,1,1,0,0,0,0,1
420,0,-1,26.0,1,0,0,0,1,0,0,0,0
421,0,-1,21.0,1,1,0,0,1,0,0,0,0
422,0,-1,29.0,1,0,1,0,1,0,0,0,0
423,0,-1,28.0,0,0,1,0,0,1,0,0,1
424,0,-1,18.0,1,0,1,0,1,0,0,0,1
425,0,-1,26.0,1,0,1,0,1,0,0,0,0
426,1,0,28.0,0,0,1,0,0,1,0,0,1
427,1,0,19.0,0,0,1,1,0,0,0,0,0
428,0,-1,26.0,1,1,0,0,1,0,0,0,0
429,1,-1,32.0,1,0,1,0,1,0,0,0,0
430,1,1,28.0,1,0,1,0,1,0,0,0,0
431,1,-1,31.0,0,0,1,0,0,1,0,0,1
432,1,0,42.0,0,0,1,0,0,1,0,0,1
433,0,-1,17.0,1,0,1,0,1,0,0,0,0
434,0,1,50.0,1,0,1,0,1,0,0,0,1
435,1,1,14.0,0,0,1,1,0,0,0,0,1
436,0,-1,21.0,0,0,1,1,0,0,0,1,0
437,1,0,24.0,0,0,1,0,0,1,0,1,0
438,0,1,64.0,1,0,1,0,1,0,0,1,0
439,0,0,31.0,1,0,1,0,1,0,0,0,0
440,1,0,45.0,0,0,1,0,0,1,0,0,1
441,0,-1,20.0,1,0,1,0,1,0,0,0,0
442,0,-1,25.0,1,0,1,0,1,0,0,0,1
443,1,0,28.0,0,0,1,1,0,0,0,0,0
444,1,-1,26.0,1,0,1,0,1,0,0,0,0
445,1,1,4.0,1,0,1,0,0,0,0,0,1
446,1,0,13.0,0,0,1,1,0,0,0,0,1
447,1,1,34.0,1,0,1,0,1,0,0,0,0
448,1,-1,5.0,0,0,0,1,0,0,0,0,1
449,1,1,52.0,1,0,1,0,0,0,1,0,0
450,0,0,36.0,1,0,1,0,1,0,0,0,1
451,0,-1,26.0,1,0,1,0,1,0,0,0,1
452,0,1,30.0,1,0,0,0,1,0,0,0,0
453,1,1,49.0,1,0,0,0,1,0,0,0,1
454,0,-1,26.0,1,0,1,0,1,0,0,0,0
455,1,-1,29.0,1,0,0,0,1,0,0,0,0
456,0,1,65.0,1,0,1,0,1,0,0,0,0
457,1,1,40.0,0,0,1,0,0,1,0,0,1
458,1,0,50.0,0,0,1,1,0,0,0,0,0
459,0,-1,26.0,1,1,0,0,1,0,0,0,0
460,1,1,48.0,1,0,1,0,1,0,0,0,0
461,0,-1,34.0,1,0,1,0,1,0,0,0,0
462,0,1,47.0,1,0,1,0,1,0,0,0,0
463,0,0,48.0,1,0,1,0,1,0,0,0,0
464,0,-1,26.0,1,0,1,0,1,0,0,0,0
465,0,-1,38.0,1,0,1,0,1,0,0,0,0
466,0,0,31.0,1,0,1,0,1,0,0,0,0
467,0,1,56.0,1,0,1,0,1,0,0,0,0
468,0,-1,26.0,1,1,0,0,1,0,0,0,0
469,1,-1,0.75,0,0,0,1,0,0,0,0,1
470,0,-1,26.0,1,0,1,0,1,0,0,0,0
471,0,-1,38.0,1,0,1,0,1,0,0,0,0
472,1,0,33.0,0,0,1,0,0,1,0,0,1
473,1,0,23.0,0,0,0,0,0,1,0,0,0
474,0,-1,22.0,0,0,1,1,0,0,0,0,0
475,0,1,40.0,1,0,1,0,1,0,0,0,0
476,0,0,34.0,1,0,1,0,1,0,0,0,1
477,0,-1,29.0,1,0,1,0,1,0,0,0,1
478,0,-1,22.0,1,0,1,0,1,0,0,0,0
479,1,-1,2.0,0,0,1,1,0,0,0,0,1
480,0,-1,9.0,1,0,1,0,0,0,0,1,0
481,0,0,31.0,1,0,1,0,1,0,0,0,0
482,0,-1,50.0,1,0,1,0,1,0,0,0,0
483,1,-1,63.0,0,0,1,0,0,1,0,0,0
484,1,1,25.0,1,0,0,0,1,0,0,0,1
485,0,-1,18.0,0,0,1,1,0,0,0,1,0
486,1,1,35.0,0,0,1,0,0,1,0,0,1
487,0,1,58.0,1,0,0,0,1,0,0,0,0
488,0,-1,30.0,1,0,1,0,1,0,0,0,0
489,1,-1,9.0,1,0,1,0,0,0,0,0,1
490,0,-1,26.0,1,0,1,0,1,0,0,0,1
491,0,-1,21.0,1,0,1,0,1,0,0,0,0
492,0,1,55.0,1,0,1,0,1,0,0,0,0
493,0,1,71.0,1,0,0,0,1,0,0,0,0
494,0,-1,21.0,1,0,1,0,1,0,0,0,0
495,0,-1,26.0,1,0,0,0,1,0,0,0,0
496,1,1,54.0,0,0,0,1,0,0,0,0,1
497,0,-1,26.0,1,0,1,0,1,0,0,0,0
498,0,1,25.0,0,0,1,0,0,1,0,0,1
499,0,-1,24.0,1,0,1,0,1,0,0,0,0
500,0,-1,17.0,1,0,1,0,1,0,0,0,0
501,0,-1,21.0,0,1,0,1,0,0,0,0,0
502,0,-1,18.0,0,1,0,1,0,0,0,0,0
503,0,-1,37.0,0,0,1,1,0,0,0,0,0
504,1,1,16.0,0,0,1,1,0,0,0,0,0
505,0,1,18.0,1,0,0,0,1,0,0,0,1
506,1,0,33.0,0,0,1,0,0,1,0,0,1
507,1,1,40.0,1,0,1,0,1,0,0,0,0
508,0,-1,28.0,1,0,1,0,1,0,0,0,0
509,1,-1,26.0,1,0,1,0,1,0,0,0,0
510,1,-1,29.0,1,1,0,0,1,0,0,0,0
511,0,-1,26.0,1,0,1,0,1,0,0,0,0
512,1,1,36.0,1,0,1,0,1,0,0,0,0
513,1,1,54.0,0,0,0,0,0,1,0,0,1
514,0,-1,24.0,1,0,1,0,1,0,0,0,0
515,0,1,47.0,1,0,1,0,1,0,0,0,0
516,1,0,34.0,0,0,1,0,0,1,0,0,0
517,0,-1,26.0,1,1,0,0,1,0,0,0,0
518,1,0,36.0,0,0,1,0,0,1,0,0,1
519,0,-1,32.0,1,0,1,0,1,0,0,0,0
520,1,1,30.0,0,0,1,1,0,0,0,0,0
521,0,-1,22.0,1,0,1,0,1,0,0,0,0
522,0,-1,26.0,1,0,0,0,1,0,0,0,0
523,1,1,44.0,0,0,0,0,0,1,0,0,1
524,0,-1,26.0,1,0,0,0,1,0,0,0,0
525,0,-1,40.5,1,1,0,0,1,0,0,0,0
526,1,0,50.0,0,0,1,1,0,0,0,0,0
527,0,1,40.0,1,0,1,0,1,0,0,0,0
528,0,-1,39.0,1,0,1,0,1,0,0,0,0
529,0,0,23.0,1,0,1,0,1,0,0,0,1
530,1,0,2.0,0,0,1,1,0,0,0,0,1
531,0,-1,26.0,1,0,0,0,1,0,0,0,0
532,0,-1,17.0,1,0,0,0,1,0,0,0,1
533,1,-1,31.0,0,0,0,0,0,1,0,0,1
534,0,-1,30.0,0,0,1,1,0,0,0,0,0
535,1,0,7.0,0,0,1,1,0,0,0,0,1
536,0,1,45.0,1,0,1,0,0,0,1,0,0
537,1,1,30.0,0,0,0,1,0,0,0,0,0
538,0,-1,26.0,1,0,1,0,1,0,0,0,0
539,1,1,22.0,0,0,0,1,0,0,0,0,1
540,1,1,36.0,0,0,1,1,0,0,0,0,1
541,0,-1,9.0,0,0,1,1,0,0,0,1,0
542,0,-1,11.0,0,0,1,1,0,0,0,1,0
543,1,0,32.0,1,0,1,0,1,0,0,0,1
544,0,1,50.0,1,0,0,0,1,0,0,0,1
545,0,1,64.0,1,0,1,0,1,0,0,0,0
546,1,0,19.0,0,0,1,0,0,1,0,0,1
547,1,0,31.0,1,0,0,0,1,0,0,0,0
548,0,-1,33.0,1,0,1,0,1,0,0,0,1
549,1,0,8.0,1,0,1,0,0,0,0,0,1
550,1,1,17.0,1,0,0,0,1,0,0,0,1
551,0,0,27.0,1,0,1,0,1,0,0,0,0
552,0,-1,26.0,1,1,0,0,1,0,0,0,0
553,1,-1,22.0,1,0,0,0,1,0,0,0,0
554,1,-1,22.0,0,0,1,1,0,0,0,0,0
555,0,1,62.0,1,0,1,0,1,0,0,0,0
556,1,1,48.0,0,0,0,0,0,0,1,0,1
557,0,1,40.0,1,0,0,0,1,0,0,0,0
558,1,1,39.0,0,0,1,0,0,1,0,0,1
559,1,-1,36.0,0,0,1,0,0,1,0,0,1
560,0,-1,26.0,1,1,0,0,1,0,0,0,0
561,0,-1,40.0,1,0,1,0,1,0,0,0,0
562,0,0,28.0,1,0,1,0,1,0,0,0,0
563,0,-1,26.0,1,0,1,0,1,0,0,0,0
564,0,-1,18.0,0,0,1,1,0,0,0,0,0
565,0,-1,24.0,1,0,1,0,1,0,0,0,1
566,0,-1,19.0,1,0,1,0,1,0,0,0,0
567,0,-1,29.0,0,0,1,0,0,1,0,1,0
568,0,-1,26.0,1,0,0,0,1,0,0,0,0
569,1,-1,32.0,1,0,1,0,1,0,0,0,0
570,1,0,62.0,1,0,1,0,1,0,0,0,0
571,1,1,53.0,0,0,1,0,0,1,0,0,1
572,1,1,36.0,1,0,1,0,1,0,0,0,0
573,1,-1,18.0,0,1,0,1,0,0,0,0,0
574,0,-1,16.0,1,0,1,0,1,0,0,0,0
575,0,-1,19.0,1,0,1,0,1,0,0,0,0
576,1,0,34.0,0,0,1,1,0,0,0,0,0
577,1,1,39.0,0,0,1,0,0,1,0,0,1
578,0,-1,31.0,0,0,0,0,0,1,0,0,1
579,1,-1,32.0,1,0,1,0,1,0,0,0,0
580,1,0,25.0,0,0,1,1,0,0,0,0,1
581,1,1,39.0,0,0,0,0,0,1,0,0,1
582,0,0,54.0,1,0,1,0,1,0,0,0,0
583,0,1,36.0,1,0,0,0,1,0,0,0,0
584,0,-1,26.0,1,0,0,0,1,0,0,0,0
585,1,1,18.0,0,0,1,1,0,0,0,0,1
586,0,0,47.0,1,0,1,0,1,0,0,0,0
587,1,1,60.0,1,0,0,0,1,0,0,0,1
588,0,-1,22.0,1,0,1,0,1,0,0,0,0
589,0,-1,26.0,1,0,1,0,1,0,0,0,0
590,0,-1,35.0,1,0,1,0,1,0,0,0,0
591,1,1,52.0,0,0,0,0,0,1,0,0,1
592,0,-1,47.0,1,0,1,0,1,0,0,0,0
593,0,-1,18.0,0,1,0,1,0,0,0,0,1
594,0,0,37.0,1,0,1,0,1,0,0,0,1
595,0,-1,36.0,1,0,1,0,1,0,0,0,1
596,1,0,24.0,0,0,1,1,0,0,0,0,0
597,0,-1,49.0,1,0,1,0,1,0,0,0,0
598,0,-1,26.0,1,0,0,0,1,0,0,0,0
599,1,1,49.0,1,0,0,0,0,0,1,0,1
600,1,0,24.0,0,0,1,0,0,1,0,0,1
601,0,-1,26.0,1,0,1,0,1,0,0,0,0
602,0,1,40.0,1,0,1,0,1,0,0,0,0
603,0,-1,44.0,1,0,1,0,1,0,0,0,0
604,1,1,35.0,1,0,0,0,1,0,0,0,0
605,0,-1,36.0,1,0,1,0,1,0,0,0,1
606,0,-1,30.0,1,0,1,0,1,0,0,0,0
607,1,1,27.0,1,0,1,0,1,0,0,0,0
608,1,0,22.0,0,0,0,0,0,1,0,0,1
609,1,1,40.0,0,0,1,1,0,0,0,0,0
610,0,-1,39.0,0,0,1,0,0,1,0,1,0
611,0,-1,26.0,1,0,1,0,1,0,0,0,0
612,1,-1,18.0,0,1,0,1,0,0,0,0,1
613,0,-1,26.0,1,1,0,0,1,0,0,0,0
614,0,-1,35.0,1,0,1,0,1,0,0,0,0
615,1,0,24.0,0,0,1,1,0,0,0,0,1
616,0,-1,34.0,1,0,1,0,1,0,0,0,1
617,0,-1,26.0,0,0,1,0,0,1,0,0,1
618,1,0,4.0,0,0,1,1,0,0,0,0,1
619,0,0,26.0,1,0,1,0,1,0,0,0,0
620,0,-1,27.0,1,0,0,0,1,0,0,0,1
621,1,1,42.0,1,0,1,0,1,0,0,0,1
622,1,-1,20.0,1,0,0,0,1,0,0,0,1
623,0,-1,21.0,1,0,1,0,1,0,0,0,0
624,0,-1,21.0,1,0,1,0,1,0,0,0,0
625,0,1,61.0,1,0,1,0,1,0,0,0,0
626,0,0,57.0,1,1,0,0,0,0,1,0,0
627,1,1,21.0,0,0,1,1,0,0,0,0,0
628,0,-1,26.0,1,0,1,0,1,0,0,0,0
629,0,-1,26.0,1,1,0,0,1,0,0,0,0
630,1,1,80.0,1,0,1,0,1,0,0,0,0
631,0,-1,51.0,1,0,1,0,1,0,0,0,0
632,1,1,32.0,1,0,0,0,0,0,1,0,0
633,0,1,40.0,1,0,1,0,1,0,0,0,0
634,0,-1,9.0,0,0,1,1,0,0,0,1,0
635,1,0,28.0,0,0,1,1,0,0,0,0,0
636,0,-1,32.0,1,0,1,0,1,0,0,0,0
637,0,0,31.0,1,0,1,0,1,0,0,0,1
638,0,-1,41.0,0,0,1,0,0,1,0,1,0
639,0,-1,26.0,1,0,1,0,1,0,0,0,1
640,0,-1,20.0,1,0,1,0,1,0,0,0,0
641,1,1,24.0,0,0,0,1,0,0,0,0,0
642,0,-1,2.0,0,0,1,1,0,0,0,1,0
643,1,-1,26.0,1,0,1,0,1,0,0,0,0
644,1,-1,0.75,0,0,0,1,0,0,0,0,1
645,1,1,48.0,1,0,0,0,1,0,0,0,1
646,0,-1,19.0,1,0,1,0,1,0,0,0,0
647,1,1,56.0,1,0,0,0,0,0,1,0,0
648,0,-1,26.0,1,0,1,0,1,0,0,0,0
649,1,-1,23.0,0,0,1,1,0,0,0,0,0
650,0,-1,26.0,1,0,1,0,1,0,0,0,0
651,1,0,18.0,0,0,1,1,0,0,0,0,1
652,0,-1,21.0,1,0,1,0,1,0,0,0,0
653,1,-1,18.0,0,1,0,1,0,0,0,0,0
654,0,-1,18.0,0,1,0,1,0,0,0,0,0
655,0,0,24.0,1,0,1,0,1,0,0,0,1
656,0,-1,26.0,1,0,1,0,1,0,0,0,0
657,0,-1,32.0,0,1,0,0,0,1,0,0,1
658,0,0,23.0,1,0,1,0,1,0,0,0,0
659,0,1,58.0,1,0,0,0,1,0,0,0,1
660,1,1,50.0,1,0,1,0,0,0,1,0,1
661,0,-1,40.0,1,0,0,0,1,0,0,0,0
662,0,1,47.0,1,0,1,0,1,0,0,0,0
663,0,-1,36.0,1,0,1,0,1,0,0,0,0
664,1,-1,20.0,1,0,1,0,1,0,0,0,1
665,0,0,32.0,1,0,1,0,1,0,0,0,1
666,0,0,25.0,1,0,1,0,1,0,0,0,0
667,0,-1,26.0,1,0,1,0,1,0,0,0,0
668,0,-1,43.0,1,0,1,0,1,0,0,0,0
669,1,1,40.0,0,0,1,0,0,1,0,0,1
670,1,0,40.0,0,0,1,0,0,1,0,0,1
671,0,1,31.0,1,0,1,0,1,0,0,0,1
672,0,0,70.0,1,0,1,0,1,0,0,0,0
673,1,0,31.0,1,0,1,0,1,0,0,0,0
674,0,0,31.0,1,0,1,0,1,0,0,0,0
675,0,-1,18.0,1,0,1,0,1,0,0,0,0
676,0,-1,24.5,1,0,1,0,1,0,0,0,0
677,1,-1,18.0,0,0,1,1,0,0,0,0,0
678,0,-1,43.0,0,0,1,0,0,1,0,1,0
679,1,1,36.0,1,0,0,0,1,0,0,0,1
680,0,-1,18.0,0,1,0,1,0,0,0,0,0
681,1,1,27.0,1,0,0,0,1,0,0,0,0
682,0,-1,20.0,1,0,1,0,1,0,0,0,0
683,0,-1,14.0,1,0,1,0,1,0,0,1,0
684,0,0,60.0,1,0,1,0,1,0,0,0,1
685,0,0,25.0,1,0,0,0,1,0,0,0,1
686,0,-1,14.0,1,0,1,0,1,0,0,1,0
687,0,-1,19.0,1,0,1,0,1,0,0,0,0
688,0,-1,18.0,1,0,1,0,1,0,0,0,0
689,1,1,15.0,0,0,1,1,0,0,0,0,1
690,1,1,31.0,1,0,1,0,1,0,0,0,1
691,1,-1,4.0,0,0,0,1,0,0,0,0,1
692,1,-1,26.0,1,0,1,0,1,0,0,0,0
693,0,-1,25.0,1,0,0,0,1,0,0,0,0
694,0,1,60.0,1,0,1,0,0,0,1,0,0
695,0,0,52.0,1,0,1,0,1,0,0,0,0
696,0,-1,44.0,1,0,1,0,1,0,0,0,0
697,1,-1,18.0,0,1,0,1,0,0,0,0,0
698,0,1,49.0,1,0,0,0,1,0,0,0,1
699,0,-1,42.0,1,0,1,0,1,0,0,0,0
700,1,1,18.0,0,0,0,0,0,1,0,0,1
701,1,1,35.0,1,0,1,0,1,0,0,0,0
702,0,-1,18.0,0,0,0,1,0,0,0,0,1
703,0,-1,25.0,1,1,0,0,1,0,0,0,0
704,0,-1,26.0,1,0,1,0,1,0,0,0,1
705,0,0,39.0,1,0,1,0,1,0,0,0,0
706,1,0,45.0,0,0,1,0,0,1,0,0,0
707,1,1,42.0,1,0,1,0,1,0,0,0,0
708,1,1,22.0,0,0,1,1,0,0,0,0,0
709,1,-1,4.0,1,0,0,0,0,0,0,0,1
710,1,1,24.0,0,0,0,1,0,0,0,0,0
711,0,1,40.0,1,0,1,0,1,0,0,0,0
712,1,1,48.0,1,0,1,0,1,0,0,0,1
713,0,-1,29.0,1,0,1,0,1,0,0,0,0
714,0,0,52.0,1,0,1,0,1,0,0,0,0
715,0,-1,19.0,1,0,1,0,1,0,0,0,0
716,1,1,38.0,0,0,0,1,0,0,0,0,0
717,1,0,27.0,0,0,1,1,0,0,0,0,0
718,0,-1,26.0,1,1,0,0,1,0,0,0,0
719,0,-1,33.0,1,0,1,0,1,0,0,0,0
720,1,0,6.0,0,0,1,1,0,0,0,0,1
721,0,-1,17.0,1,0,1,0,1,0,0,0,1
722,0,0,34.0,1,0,1,0,1,0,0,0,0
723,0,0,50.0,1,0,1,0,1,0,0,0,0
724,1,1,27.0,1,0,1,0,1,0,0,0,1
725,0,-1,20.0,1,0,1,0,1,0,0,0,0
726,1,0,30.0,0,0,1,0,0,1,0,0,1
727,1,-1,18.0,0,1,0,1,0,0,0,0,0
728,0,0,25.0,1,0,1,0,1,0,0,0,1
729,0,-1,25.0,0,0,1,1,0,0,0,0,1
730,1,1,29.0,0,0,1,1,0,0,0,0,0
731,0,-1,11.0,1,0,0,0,1,0,0,0,0
732,0,0,31.0,1,0,1,0,1,0,0,0,0
733,0,0,23.0,1,0,1,0,1,0,0,0,0
734,0,0,23.0,1,0,1,0,1,0,0,0,0
735,0,-1,28.5,1,0,1,0,1,0,0,0,0
736,0,-1,48.0,0,0,1,0,0,1,0,1,0
737,1,1,35.0,1,0,0,0,1,0,0,0,0
738,0,-1,26.0,1,0,1,0,1,0,0,0,0
739,0,-1,26.0,1,0,1,0,1,0,0,0,0
740,1,1,40.0,1,0,1,0,1,0,0,0,0
741,0,1,36.0,1,0,1,0,1,0,0,0,1
742,1,1,21.0,0,0,0,1,0,0,0,1,0
743,0,-1,24.0,1,0,1,0,1,0,0,0,1
744,1,-1,31.0,1,0,1,0,1,0,0,0,0
745,0,1,70.0,1,0,1,0,0,0,1,0,1
746,0,-1,16.0,1,0,1,0,1,0,0,0,1
747,1,0,30.0,0,0,1,1,0,0,0,0,0
748,0,1,19.0,1,0,1,0,1,0,0,0,1
749,0,-1,31.0,1,1,0,0,1,0,0,0,0
750,1,0,4.0,0,0,1,1,0,0,0,0,1
751,1,-1,6.0,1,0,1,0,0,0,0,0,1
752,0,-1,33.0,1,0,1,0,1,0,0,0,0
753,0,-1,23.0,1,0,1,0,1,0,0,0,0
754,1,0,48.0,0,0,1,0,0,1,0,0,1
755,1,0,0.67,1,0,1,0,0,0,0,0,1
756,0,-1,28.0,1,0,1,0,1,0,0,0,0
757,0,0,18.0,1,0,1,0,1,0,0,0,0
758,0,-1,34.0,1,0,1,0,1,0,0,0,0
759,1,1,33.0,0,0,1,0,0,0,1,0,0
760,0,-1,26.0,1,0,1,0,1,0,0,0,0
761,0,-1,41.0,1,0,1,0,1,0,0,0,0
762,1,-1,20.0,1,0,0,0,1,0,0,0,0
763,1,1,36.0,0,0,1,0,0,1,0,0,1
764,0,-1,16.0,1,0,1,0,1,0,0,0,0
765,1,1,51.0,0,0,1,0,0,1,0,0,1
766,0,1,49.0,1,0,0,0,0,0,1,0,0
767,0,-1,30.5,0,1,0,1,0,0,0,0,0
768,0,-1,26.0,1,1,0,0,1,0,0,0,1
769,0,-1,32.0,1,0,1,0,1,0,0,0,0
770,0,-1,24.0,1,0,1,0,1,0,0,0,0
771,0,-1,48.0,1,0,1,0,1,0,0,0,0
772,0,0,57.0,0,0,1,0,0,1,0,0,0
773,0,-1,26.0,1,0,0,0,1,0,0,0,0
774,1,0,54.0,0,0,1,0,0,1,0,1,0
775,0,-1,18.0,1,0,1,0,1,0,0,0,0
776,0,-1,26.0,1,1,0,0,1,0,0,0,0
777,1,-1,5.0,0,0,1,1,0,0,0,0,0
778,0,-1,26.0,1,1,0,0,1,0,0,0,0
779,1,1,43.0,0,0,1,0,0,1,0,0,1
780,1,-1,13.0,0,0,0,1,0,0,0,0,0
781,1,1,17.0,0,0,1,0,0,1,0,0,1
782,0,1,29.0,1,0,1,0,1,0,0,0,0
783,0,-1,26.0,1,0,1,0,1,0,0,0,1
784,0,-1,25.0,1,0,1,0,1,0,0,0,0
785,0,-1,25.0,1,0,1,0,1,0,0,0,0
786,1,-1,18.0,0,0,1,1,0,0,0,0,0
787,0,-1,8.0,1,1,0,0,0,0,0,1,0
788,1,-1,1.0,1,0,1,0,0,0,0,0,1
789,0,1,46.0,1,0,0,0,1,0,0,0,0
790,0,-1,26.0,1,1,0,0,1,0,0,0,0
791,0,0,16.0,1,0,1,0,1,0,0,0,0
792,0,-1,18.0,0,0,1,1,0,0,0,1,0
793,0,1,40.0,1,0,0,0,1,0,0,0,0
794,0,-1,25.0,1,0,1,0,1,0,0,0,0
795,0,0,39.0,1,0,1,0,1,0,0,0,0
796,1,1,49.0,0,0,1,0,0,0,1,0,0
797,1,-1,31.0,0,0,1,0,0,1,0,0,0
798,0,-1,30.0,1,0,0,0,1,0,0,0,0
799,0,-1,30.0,0,0,1,0,0,1,0,0,1
800,0,0,34.0,1,0,1,0,1,0,0,0,0
801,1,0,31.0,0,0,1,0,0,1,0,0,1
802,1,1,11.0,1,0,1,0,0,0,0,0,1
803,1,-1,0.42,1,0,0,0,0,0,0,0,1
804,1,-1,27.0,1,0,1,0,1,0,0,0,0
805,0,-1,31.0,1,0,1,0,1,0,0,0,0
806,0,1,39.0,1,0,1,0,1,0,0,0,0
807,0,-1,18.0,0,0,1,1,0,0,0,0,0
808,0,0,39.0,1,0,1,0,1,0,0,0,0
809,1,1,33.0,0,0,1,0,0,1,0,0,1
810,0,-1,26.0,1,0,1,0,1,0,0,0,0
811,0,-1,39.0,1,0,1,0,1,0,0,0,0
812,0,0,35.0,1,0,1,0,1,0,0,0,0
813,0,-1,6.0,0,0,1,1,0,0,0,1,0
814,0,-1,30.5,1,0,1,0,1,0,0,0,0
815,0,1,40.0,1,0,1,0,1,0,0,0,0
816,0,-1,23.0,0,0,1,1,0,0,0,0,0
817,0,0,31.0,1,0,0,0,1,0,0,0,1
818,0,-1,43.0,1,0,1,0,1,0,0,0,0
819,0,-1,10.0,1,0,1,0,0,0,0,1,0
820,1,1,52.0,0,0,1,0,0,1,0,0,1
821,1,-1,27.0,1,0,1,0,1,0,0,0,0
822,0,1,38.0,1,0,1,0,0,0,1,0,0
823,1,-1,27.0,0,0,1,0,0,1,0,0,1
824,0,-1,2.0,1,0,1,0,0,0,0,1,0
825,0,-1,26.0,1,1,0,0,1,0,0,0,0
826,0,-1,26.0,1,0,1,0,1,0,0,0,0
827,1,0,1.0,1,0,0,0,0,0,0,0,1
828,1,-1,26.0,1,1,0,0,1,0,0,0,0
829,1,1,62.0,0,0,0,0,0,1,0,0,0
830,1,-1,15.0,0,0,0,0,0,1,0,0,1
831,1,0,0.83,1,0,1,0,0,0,0,0,1
832,0,-1,26.0,1,0,0,0,1,0,0,0,0
833,0,-1,23.0,1,0,1,0,1,0,0,0,0
834,0,-1,18.0,1,0,1,0,1,0,0,0,0
835,1,1,39.0,0,0,0,1,0,0,0,0,1
836,0,-1,21.0,1,0,1,0,1,0,0,0,0
837,0,-1,26.0,1,0,1,0,1,0,0,0,0
838,1,-1,32.0,1,0,1,0,1,0,0,0,0
839,1,1,40.0,1,0,0,0,1,0,0,0,0
840,0,-1,20.0,1,0,1,0,1,0,0,0,0
841,0,0,16.0,1,0,1,0,1,0,0,0,0
842,1,1,30.0,0,0,0,1,0,0,0,0,0
843,0,-1,34.5,1,0,0,0,1,0,0,0,0
844,0,-1,17.0,1,0,1,0,1,0,0,0,0
845,0,-1,42.0,1,0,1,0,1,0,0,0,0
846,0,-1,26.0,1,0,1,0,1,0,0,1,0
847,0,-1,35.0,1,0,0,0,1,0,0,0,0
848,0,0,28.0,1,0,1,0,0,0,1,0,1
849,1,1,40.0,0,0,0,0,0,1,0,0,1
850,0,-1,4.0,1,0,1,0,0,0,0,1,0
851,0,-1,74.0,1,0,1,0,1,0,0,0,0
852,0,-1,9.0,0,0,0,1,0,0,0,0,1
853,1,1,16.0,0,0,1,1,0,0,0,0,1
854,0,0,44.0,0,0,1,0,0,1,0,0,1
855,1,-1,18.0,0,0,1,0,0,1,0,0,1
856,1,1,45.0,0,0,1,0,0,1,0,0,1
857,1,1,51.0,1,0,1,0,1,0,0,0,0
858,1,-1,24.0,0,0,0,0,0,1,0,0,1
859,0,-1,26.0,1,0,0,0,1,0,0,0,0
860,0,-1,41.0,1,0,1,0,1,0,0,0,1
861,0,0,21.0,1,0,1,0,1,0,0,0,1
862,1,1,48.0,0,0,1,0,0,1,0,0,0
863,0,-1,18.0,0,0,1,1,0,0,0,1,0
864,0,0,24.0,1,0,1,0,1,0,0,0,0
865,1,0,42.0,0,0,1,0,0,1,0,0,0
866,1,0,27.0,0,0,0,1,0,0,0,0,1
867,0,1,31.0,1,0,1,0,1,0,0,0,0
868,0,-1,26.0,1,0,1,0,1,0,0,0,0
869,1,-1,4.0,1,0,1,0,0,0,0,0,1
870,0,-1,26.0,1,0,1,0,1,0,0,0,0
871,1,1,47.0,0,0,1,0,0,1,0,0,1
872,0,1,33.0,1,0,1,0,1,0,0,0,0
873,0,-1,47.0,1,0,1,0,1,0,0,0,0
874,1,0,28.0,0,0,0,0,0,1,0,0,1
875,1,-1,15.0,0,0,0,1,0,0,0,0,0
876,0,-1,20.0,1,0,1,0,1,0,0,0,0
877,0,-1,19.0,1,0,1,0,1,0,0,0,0
878,0,-1,26.0,1,0,1,0,1,0,0,0,0
879,1,1,56.0,0,0,0,0,0,1,0,0,1
880,1,0,25.0,0,0,1,0,0,1,0,0,1
881,0,-1,33.0,1,0,1,0,1,0,0,0,0
882,0,-1,22.0,0,0,1,1,0,0,0,0,0
883,0,0,28.0,1,0,1,0,1,0,0,0,0
884,0,-1,25.0,1,0,1,0,1,0,0,0,0
885,0,-1,39.0,0,1,0,0,0,1,0,1,0
886,0,0,27.0,1,0,1,0,0,0,1,0,0
887,1,1,19.0,0,0,1,1,0,0,0,0,0
888,0,-1,18.0,0,0,1,1,0,0,0,0,1
889,1,1,26.0,1,0,0,0,1,0,0,0,0
890,0,-1,32.0,1,1,0,0,1,0,0,0,0
